iso3,country,leader_name,leader_dob,leader_age,leader_percentile,leader_ex,population_median,population_ex,age_gap,ex_gap,ofi
AFG,Afghanistan,Hibatullah Akhundzada,1967-10-19,58.0,95.291,20.59,18.0,55.895,40.0,-35.305,0.8000733044540356
AGO,Angola,João Lourenço,1954-03-05,72.0,98.756,10.553,17.0,54.97,55.0,-44.418,0.9018798892683364
ALB,Albania,Edi Rama,1964-07-04,62.0,77.723,23.276,38.0,46.413,24.0,-23.137,0.6037234536606972
AND,Andorra,Xavier Espot Zamora,1979-10-30,46.0,51.229,40.438,45.0,40.438,1.0,0.0,0.20661760170259777
ARE,United Arab Emirates,Mohamed bin Zayed Al Nahyan,1961-03-11,65.0,98.168,20.49,32.0,54.187,33.0,-33.697,0.7956975028237805
ARG,Argentina,Javier Milei,1970-10-22,55.0,77.771,26.349,34.0,49.378,21.0,-23.03,0.6027604734331319
ARM,Armenia,Nikol Pashinyan,1975-06-01,51.0,68.688,28.779,38.0,42.589,13.0,-13.81,0.4640440496332218
ATG,Antigua and Barbuda,Gaston Browne,1967-02-09,59.0,79.482,26.624,37.0,44.85,22.0,-18.226,0.5546844346112482
AUS,Australia,Anthony Albanese,1963-03-02,63.0,79.267,26.626,39.0,50.074,24.0,-23.448,0.6130507885431136
AUT,Austria,Christian Stocker,1960-03-20,66.0,79.771,20.546,44.0,43.266,22.0,-22.72,0.6070766178992566
AZE,Azerbaijan,Ilham Aliyev,1961-12-24,64.0,89.14,19.583,35.0,41.912,29.0,-22.329,0.6371952945003073
BDI,Burundi,Évariste Ndayishimiye,1968-06-17,58.0,95.431,20.816,17.0,53.732,41.0,-32.916,0.7765695714701506
BEL,Belgium,Bart De Wever,1970-12-21,55.0,65.261,29.409,43.0,43.451,12.0,-14.041,0.45508876441854723
BEN,Benin,Romuald Wadagni,1976-06-20,50.0,89.371,24.277,19.0,52.94,31.0,-28.663,0.7081073333188973
BFA,Burkina Faso,Ibrahim Traoré,1988-03-14,38.0,79.696,35.919,19.0,53.043,19.0,-17.124,0.5420938270570265
BGD,Bangladesh,Tarique Rahman,1968-11-20,57.0,87.869,25.148,27.0,52.771,30.0,-27.623,0.6912006928767747
BGR,Bulgaria,Rumen Radev,1963-06-18,63.0,74.941,20.457,46.0,32.924,17.0,-12.468,0.46709552698921597
BHR,Bahrain,Hamad bin Isa Al Khalifa,1958-01-28,68.0,97.063,20.057,34.0,52.69,34.0,-32.632,0.7802429980461215
BHS,Bahamas,Philip Davis,1951-06-07,75.0,94.636,11.979,36.0,42.762,39.0,-30.783,0.7512611605382867
BIH,Bosnia and Herzegovina,Denis Bećirović; Željka Cvijanović; Željko Komšić,1975-11-28; 1967-03-04; 1964-01-20,57.0,64.644,25.716,47.0,34.751,10.0,-9.034,0.38884741994772193
BLR,Belarus,Alexander Lukashenko,1954-08-30,71.0,89.124,13.102,42.0,36.393,29.0,-23.291,0.6482549760703731
BLZ,Belize,Johnny Briceño,1960-07-17,66.0,95.082,16.003,28.0,50.312,38.0,-34.309,0.7892589708074277
BOL,Bolivia,Rodrigo Paz,1967-09-22,58.0,89.77,22.243,26.0,48.2,32.0,-25.957,0.6805647030224239
BRA,Brazil,Lula,1945-10-27,80.0,97.851,8.423,36.0,43.982,44.0,-35.559,0.8132997304192348
BRB,Barbados,Mia Mottley,1965-10-01,60.0,75.664,21.38,40.0,38.85,20.0,-17.47,0.5323172738132776
BRN,Brunei,Hassanal Bolkiah,1946-07-15,80.0,99.067,7.287,34.0,47.237,46.0,-39.95,0.8614969191277858
BTN,Bhutan,Tshering Tobgay,1965-09-19,60.0,89.961,18.976,31.0,46.047,29.0,-27.071,0.6934382009234853
BWA,Botswana,Duma Boko,1969-12-31,56.0,91.23,22.047,24.0,52.766,32.0,-30.719,0.7369582043779688
CAF,Central African Republic,Faustin-Archange Touadéra,1957-04-21,69.0,98.658,12.949,15.0,49.757,54.0,-36.808,0.8291254090908081
CAN,Canada,Mark Carney,1965-03-16,61.0,73.939,25.824,41.0,44.291,20.0,-18.467,0.5377617987238091
CHE,Switzerland,Guy Parmelin; Viktor Rossi; Élisabeth Baume-Schneider; Karin Keller-Sutter; Ignazio Cassis; Albert Rösti; Beat Jans; Martin Pfister,1959-11-09; 1968-10-31; 1963-12-24; 1963-12-22; 1961-04-13; 1967-08-07; 1964-07-12; 1963-07-31,62.0,74.919,26.228,44.0,45.1,18.0,-18.872,0.5459649512560307
CHL,Chile,José Antonio Kast,1966-01-18,60.0,79.34,24.995,38.0,47.925,22.0,-22.93,0.6077233745710297
CHN,China,Xi Jinping,1953-06-15,73.0,92.513,14.562,41.0,40.547,32.0,-25.984,0.6911853094503674
CIV,Côte d'Ivoire,Alassane Ouattara,1942-01-01,84.0,99.852,6.292,19.0,52.346,65.0,-46.054,0.9217595499912111
CMR,Cameroon,Paul Biya,1933-02-13,93.0,99.988,3.131,19.0,54.467,74.0,-51.336,0.9689275831213255
COD,Democratic Republic of the Congo,Félix Tshisekedi,1963-06-13,63.0,96.265,17.058,16.0,53.586,47.0,-36.528,0.8162610815991004
COG,Congo,Denis Sassou Nguesso,1943-11-23,82.0,99.768,5.867,19.0,54.385,63.0,-48.518,0.94334368286431
COL,Colombia,Abelardo de la Espriella,1978-07-31,48.0,70.706,36.319,33.0,50.302,15.0,-13.983,0.4729714575602493
COM,Comoros,Azali Assoumani,1959-01-01,67.0,96.3,13.221,21.0,51.195,46.0,-37.974,0.8305014750137413
CPV,Cabo Verde,Francisco Carvalho,1970-12-04,55.0,84.412,25.353,30.0,47.964,25.0,-22.611,0.6232575353201383
CRI,Costa Rica,Laura Fernández,1986-07-04,40.0,55.313,43.325,36.0,48.039,4.0,-4.714,0.29925197910790835
CUB,Cuba,Miguel Díaz-Canel,1960-04-20,66.0,83.697,18.471,43.0,39.985,23.0,-21.513,0.6081472630046114
CYP,Cyprus,Nikos Christodoulides,1973-12-06,52.0,69.447,33.117,40.0,42.749,12.0,-9.631,0.4115173258806973
CZE,Czechia,Andrej Babiš,1954-09-02,71.0,85.148,15.126,45.0,36.34,26.0,-21.214,0.6099275465167974
DEU,Germany,Friedrich Merz,1955-11-11,70.0,82.619,16.346,46.0,37.861,24.0,-21.515,0.6042409542834161
DJI,Djibouti,Ismaïl Omar Guelleh,1947-11-27,78.0,98.994,8.469,26.0,47.138,52.0,-38.669,0.8488196693055599
DMA,Dominica,Roosevelt Skerrit,1972-06-08,54.0,71.866,26.227,37.0,39.975,17.0,-13.749,0.47388740470003354
DNK,Denmark,Mette Frederiksen,1977-11-19,48.0,56.458,38.239,42.0,43.073,6.0,-4.834,0.30419510515457016
DOM,Dominican Republic,Luis Abinader,1967-07-12,59.0,86.59,25.5,29.0,52.154,30.0,-26.654,0.6758845882742605
DZA,Algeria,Abdelmadjid Tebboune,1945-11-17,80.0,98.98,7.385,29.0,53.881,51.0,-46.496,0.9216899406344125
ECU,Ecuador,Daniel Noboa,1987-11-30,38.0,61.536,45.297,30.0,49.961,8.0,-4.664,0.3148237348104491
EGY,Egypt,Abdel Fattah el-Sisi,1954-11-19,71.0,97.356,10.419,25.0,48.766,46.0,-38.347,0.8386587041222431
ERI,Eritrea,Isaias Afwerki,1946-02-02,80.0,99.31,6.454,20.0,52.867,60.0,-46.414,0.9224897777211409
ESP,Spain,Pedro Sánchez,1972-02-29,54.0,61.159,35.137,47.0,39.877,7.0,-4.74,0.3150895798552109
EST,Estonia,Kristen Michal,1975-07-12,51.0,59.483,31.631,44.0,40.81,7.0,-9.18,0.3749375370200571
ETH,Ethiopia,Abiy Ahmed,1976-08-15,49.0,88.483,30.542,20.0,52.358,29.0,-21.815,0.6288443958298958
FIN,Finland,Petteri Orpo,1969-11-03,56.0,64.049,29.295,44.0,43.319,12.0,-14.023,0.45062995295474984
FJI,Fiji,Sitiveni Rabuka,1948-09-13,77.0,98.605,7.327,29.0,44.686,48.0,-37.359,0.8343469696914668
FRA,France,Emmanuel Macron,1977-12-21,48.0,55.64,39.891,43.0,44.65,5.0,-4.759,0.3008296195523307
FSM,Micronesia,Wesley Simina,1961-09-10,64.0,93.017,16.721,24.0,49.913,40.0,-33.192,0.7694700843221045
GAB,Gabon,Brice Oligui Nguema,1976-03-03,50.0,86.559,25.532,22.0,52.013,28.0,-26.481,0.6739144207538521
GBR,United Kingdom,Andy Burnham,1970-01-07,56.0,68.667,28.908,41.0,42.794,15.0,-13.886,0.46490948258773984
GEO,Georgia,Irakli Kobakhidze,1978-09-25,47.0,61.968,32.3,38.0,41.445,9.0,-9.145,0.3822166401401174
GHA,Ghana,John Mahama,1958-11-29,67.0,96.859,14.064,22.0,50.53,45.0,-36.466,0.8181641332886697
GIN,Guinea,Mamady Doumbouya,1985-12-05,40.0,81.84,32.786,19.0,53.727,21.0,-20.94,0.594829051072659
GMB,Gambia,Adama Barrow,1965-02-15,61.0,95.01,17.728,19.0,55.438,42.0,-37.711,0.8223920506668337
GNB,Guinea-Bissau,Horta Inta-A Na Man,1960-01-01,66.0,97.024,13.745,20.0,50.282,46.0,-36.538,0.8195713220946667
GNQ,Equatorial Guinea,Teodoro Obiang Nguema Mbasogo,1942-06-05,84.0,99.815,5.844,21.0,49.905,63.0,-44.061,0.9034216176108842
GRC,Greece,Kyriakos Mitsotakis,1968-03-04,58.0,65.276,28.985,48.0,38.249,10.0,-9.264,0.3939324950631347
GRD,Grenada,Dickon Mitchell,1977-10-08,48.0,69.369,33.656,35.0,42.776,13.0,-9.12,0.40404007227006583
GTM,Guatemala,Bernardo Arévalo,1958-10-07,67.0,95.739,16.498,24.0,55.079,43.0,-38.581,0.8339066053821615
GUY,Guyana,Irfaan Ali,1980-04-25,46.0,75.109,29.877,27.0,47.743,19.0,-17.866,0.5350143913952222
HND,Honduras,Nasry Asfura,1958-06-08,68.0,96.532,15.34,25.0,50.133,43.0,-34.793,0.8001351839949714
HRV,Croatia,Andrej Plenković,1970-04-08,56.0,63.208,26.18,46.0,35.264,10.0,-9.084,0.3851885841160578
HTI,Haiti,Alix Didier Fils-Aimé,1971-11-14,54.0,88.213,24.114,25.0,45.812,29.0,-21.698,0.6265129253787719
HUN,Hungary,Péter Magyar,1961-03-16,65.0,78.705,17.607,45.0,33.707,20.0,-16.1,0.5260981372329692
IDN,Indonesia,Prabowo Subianto,1951-10-17,74.0,97.296,11.408,31.0,44.105,43.0,-32.697,0.7818532803538015
IND,India,Narendra Modi,1950-09-17,75.0,97.557,10.018,30.0,45.63,45.0,-35.612,0.8126074168994522
IRL,Ireland,Micheál Martin,1960-08-16,65.0,83.462,20.803,40.0,43.764,25.0,-22.961,0.6236560192392384
IRN,Iran,Mojtaba Khamenei,1969-09-08,56.0,82.938,26.546,35.0,45.205,21.0,-18.659,0.5718726755144016
IRQ,Iraq,Ali al-Zaidi,1985-05-01,41.0,78.398,35.749,22.0,54.678,19.0,-18.93,0.5591756044988611
ISL,Iceland,Kristrún Frostadóttir,1988-05-12,38.0,50.703,48.887,37.0,48.887,1.0,0.0,0.20555412912417984
ISR,Israel,Benjamin Netanyahu,1949-10-21,76.0,94.738,13.155,30.0,53.536,46.0,-40.38,0.8464839474752806
ITA,Italy,Giorgia Meloni,1977-01-15,49.0,49.123,39.986,49.0,39.986,0.0,0.0,0.20232605698064035
JAM,Jamaica,Andrew Holness,1972-07-22,54.0,79.495,26.069,34.0,44.117,20.0,-18.049,0.552612018056068
JOR,Jordan,Abdullah II of Jordan,1962-01-30,64.0,94.473,21.699,25.0,54.632,39.0,-32.933,0.7728350739323364
JPN,Japan,Sanae Takaichi,1961-03-07,65.0,69.803,22.817,51.0,36.317,14.0,-13.5,0.46392447301976497
KAZ,Kazakhstan,Kassym-Jomart Tokayev,1953-05-17,73.0,96.303,13.323,30.0,46.158,43.0,-32.834,0.7792654342391943
KEN,Kenya,William Ruto,1966-12-21,59.0,94.502,20.143,21.0,47.608,38.0,-27.465,0.7150766194378521
KGZ,Kyrgyzstan,Sadyr Japarov,1968-12-06,57.0,87.61,21.809,26.0,48.577,31.0,-26.767,0.6810661825402873
KHM,Cambodia,Hun Manet,1977-10-20,48.0,79.93,31.427,27.0,49.24,21.0,-17.813,0.5512777717872059
KIR,Kiribati,Taneti Maamau,1960-09-16,65.0,95.456,13.478,24.0,51.399,41.0,-37.921,0.8263440542534327
KNA,Saint Kitts and Nevis,Terrance Drew,1976-11-22,49.0,67.778,30.848,37.0,39.942,12.0,-9.094,0.3990119321524107
KOR,South Korea,Lee Jae Myung,1963-12-08,62.0,73.822,26.192,47.0,40.281,15.0,-14.089,0.48462840713272265
KWT,Kuwait,Mishal Al-Ahmad Al-Jaber Al-Sabah,1940-09-27,85.0,99.859,5.489,35.0,47.305,50.0,-41.816,0.8827040787640367
LAO,Laos,Thongloun Sisoulith,1945-11-10,80.0,99.414,5.833,26.0,48.133,54.0,-42.3,0.8852760586393377
LBN,Lebanon,Nawaf Salam,1953-12-15,72.0,94.399,14.055,30.0,50.069,42.0,-36.015,0.8033030753291894
LBR,Liberia,Joseph Boakai,1944-11-30,81.0,99.686,5.385,19.0,52.803,62.0,-47.419,0.9332238418514607
LBY,Libya,Abdul Hamid Dbeibeh,1959-01-01,67.0,95.636,16.443,29.0,51.49,38.0,-35.048,0.7989608384228437
LCA,Saint Lucia,Philip J. Pierre,1954-09-18,71.0,94.476,11.916,36.0,40.512,35.0,-28.596,0.7273256602100603
LIE,Liechtenstein,Hans-Adam II,1945-02-14,81.0,95.089,10.161,45.0,40.106,36.0,-29.946,0.7441975761404583
LKA,Sri Lanka,Anura Kumara Dissanayake,1968-11-24,57.0,78.795,25.758,34.0,48.939,23.0,-23.18,0.6083369543271229
LSO,Lesotho,Sam Matekane,1958-03-15,68.0,97.085,13.006,23.0,43.74,45.0,-30.734,0.7603985128426629
LTU,Lithuania,Mindaugas Sinkevičius,1984-06-20,42.0,47.811,38.2,43.0,38.2,-1.0,0.0,0.19960586163737776
LUX,Luxembourg,Luc Frieden,1963-09-16,62.0,80.123,24.952,40.0,43.587,22.0,-18.636,0.5618106484098239
LVA,Latvia,Andris Kulbergs,1979-05-26,47.0,52.869,33.839,44.0,38.264,3.0,-4.425,0.2881811713141579
MAR,Morocco,Mohammed VI of Morocco,1963-08-21,62.0,88.73,20.168,31.0,47.705,31.0,-27.538,0.693673402978664
MCO,Monaco,Albert II,1958-03-14,68.0,68.589,23.501,54.0,37.61,14.0,-14.109,0.4673805018397751
MDA,Moldova,Vasile Tofan,1982-07-12,44.0,56.285,33.923,40.0,33.923,4.0,0.0,0.21657369800293538
MDG,Madagascar,Michael Randrianirina,1974-01-01,52.0,90.0,25.118,20.0,50.323,32.0,-25.205,0.6731084607995951
MDV,Maldives,Mohamed Muizzu,1978-06-15,48.0,80.062,37.705,34.0,52.446,14.0,-14.741,0.5132419737966359
MEX,Mexico,Claudia Sheinbaum,1962-06-24,64.0,90.44,21.657,30.0,47.736,34.0,-26.079,0.6844443926767657
MHL,Marshall Islands,Hilda Heine,1951-04-06,75.0,98.756,7.896,21.0,49.967,54.0,-42.071,0.8802029762124945
MKD,North Macedonia,Hristijan Mickoski,1977-09-29,48.0,57.923,34.149,42.0,38.922,6.0,-4.773,0.30715942630280235
MLI,Mali,Assimi Goïta,1983-11-09,42.0,85.945,31.724,16.0,53.128,26.0,-21.404,0.6149921110605132
MLT,Malta,Robert Abela,1977-12-07,48.0,58.803,39.988,42.0,44.805,6.0,-4.817,0.31017980027719405
MMR,Myanmar,Min Aung Hlaing,1956-07-03,70.0,95.544,10.414,31.0,42.086,39.0,-31.671,0.7641655605953463
MNE,Montenegro,Milojko Spajić,1987-09-24,38.0,45.434,43.529,41.0,38.739,-3.0,4.79,0.03987718646043123
MNG,Mongolia,Nyam-Osoryn Uchral,1987-01-02,39.0,65.963,39.367,27.0,48.763,12.0,-9.397,0.39784195165919845
MOZ,Mozambique,Daniel Chapo,1977-01-06,49.0,90.784,27.49,17.0,53.84,32.0,-26.35,0.6887281031002003
MRT,Mauritania,Mohamed Ould Ghazouani,1956-12-04,69.0,97.87,13.669,18.0,56.966,51.0,-43.296,0.8875743649595415
MUS,Mauritius,Navin Ramgoolam,1947-07-14,79.0,97.207,11.125,39.0,42.499,40.0,-31.374,0.7676595836263189
MWI,Malawi,Peter Mutharika,1940-07-18,86.0,99.869,4.835,19.0,55.931,67.0,-51.096,0.9662859673340323
MYS,Malaysia,Anwar Ibrahim,1947-08-10,79.0,98.47,11.047,32.0,48.275,47.0,-37.228,0.8324853512224705
NAM,Namibia,Netumbo Nandi-Ndaitwah,1952-10-29,73.0,98.413,12.085,22.0,50.985,51.0,-38.901,0.8485702792540718
NER,Niger,Abdourahamane Tchiani,1964-01-01,62.0,96.452,16.558,16.0,55.178,46.0,-38.62,0.8373804631110042
NGA,Nigeria,Bola Tinubu,1952-03-29,74.0,99.003,9.444,19.0,48.714,55.0,-39.271,0.8546892040385207
NIC,Nicaragua,Daniel Ortega; Rosario Murillo,1945-11-11; 1951-06-22,77.5,98.707,10.182,27.0,51.942,50.5,-41.759,0.877063339882968
NLD,Netherlands,Rob Jetten,1987-03-25,39.0,45.593,48.234,42.0,43.356,-3.0,4.878,0.030447621691466576
NOR,Norway,Jonas Gahr Støre,1960-08-25,65.0,80.589,21.261,41.0,44.473,24.0,-23.212,0.6155724798916858
NPL,Nepal,Balen Shah,1990-04-27,36.0,65.072,39.257,26.0,48.642,10.0,-9.384,0.3949674349445365
NRU,Nauru,David Adeang,1969-11-24,56.0,92.168,18.453,21.0,45.449,35.0,-26.996,0.7010714809014366
NZL,New Zealand,Christopher Luxon,1970-07-19,56.0,71.09,29.667,38.0,48.52,18.0,-18.853,0.5316185615645864
OMN,Oman,Haitham bin Tariq,1955-10-11,70.0,98.378,15.341,30.0,52.028,40.0,-36.687,0.8267490233841626
PAK,Pakistan,Shehbaz Sharif,1951-09-23,74.0,98.489,10.717,21.0,52.724,53.0,-42.007,0.8784145208840756
PAN,Panama,José Raúl Mulino,1959-06-13,67.0,91.496,20.441,31.0,52.089,36.0,-31.648,0.7475677681655355
PER,Peru,Keiko Fujimori,1975-05-25,51.0,77.228,31.917,31.0,50.259,20.0,-18.342,0.548126502430476
PHL,Philippines,Bongbong Marcos,1957-09-13,68.0,95.725,14.194,27.0,47.773,41.0,-33.579,0.7845354012620038
PLW,Palau,Surangel Whipps Jr.,1968-08-09,58.0,78.039,20.971,39.0,37.939,19.0,-16.967,0.5345220159170246
PNG,Papua New Guinea,James Marape,1971-04-24,55.0,90.276,19.749,24.0,49.982,31.0,-30.233,0.7280904600391356
POL,Poland,Donald Tusk,1957-04-22,69.0,83.866,18.989,44.0,40.297,25.0,-21.308,0.6064028814795215
PRK,North Korea,Kim Jong Un,1983-01-08,43.0,57.072,37.408,37.0,42.011,6.0,-4.604,0.30224699833083535
PRT,Portugal,Luís Montenegro,1973-02-16,53.0,57.416,34.236,48.0,38.876,5.0,-4.64,0.30372417311325967
PRY,Paraguay,Santiago Peña,1978-11-16,47.0,77.922,32.823,28.0,51.385,19.0,-18.562,0.5531723908511703
PSE,Palestine,Mahmoud Abbas,1935-11-15,90.0,99.961,3.912,21.0,58.656,69.0,-54.743,0.9976614341381883
QAT,Qatar,Tamim bin Hamad Al Thani,1980-06-03,46.0,81.878,39.085,34.0,53.794,12.0,-14.709,0.5186092784232332
ROU,Romania,Ilie Bolojan,1969-03-17,57.0,69.46,24.607,44.0,37.785,13.0,-13.178,0.45873810247969005
RUS,Russia,Vladimir Putin,1952-10-07,73.0,91.314,13.818,41.0,35.979,32.0,-22.161,0.6429333239146965
RWA,Rwanda,Paul Kagame,1957-10-23,68.0,97.042,14.063,21.0,51.465,47.0,-37.402,0.8281278971270077
SAU,Saudi Arabia,Mohammed bin Salman,1985-08-31,40.0,70.816,41.124,30.0,50.796,10.0,-9.672,0.4161354651232377
SDN,Sudan,Abdel Fattah al-Burhan,1960-07-11,66.0,96.877,14.441,19.0,56.406,47.0,-41.965,0.8708069346875918
SEN,Senegal,Bassirou Diomaye Faye,1980-03-25,46.0,85.359,29.767,20.0,52.481,26.0,-22.713,0.6279004654401843
SGP,Singapore,Lawrence Wong,1972-12-18,53.0,71.75,35.159,37.0,49.635,16.0,-14.476,0.4825976585106894
SLB,Solomon Islands,Matthew Wale,1968-06-13,58.0,92.988,21.22,21.0,52.762,37.0,-31.542,0.752547617098081
SLE,Sierra Leone,Julius Maada Bio,1964-05-12,62.0,95.517,16.014,20.0,49.94,42.0,-33.926,0.7871991215696319
SLV,El Salvador,Nayib Bukele,1981-07-24,45.0,72.963,32.329,29.0,49.572,16.0,-17.243,0.520082687175799
SMR,San Marino,Luca Beccari,1974-10-29,51.0,51.578,36.787,50.0,36.787,1.0,0.0,0.20732020322840383
SOM,Somalia,Hamza Abdi Barre,1973-01-01,53.0,92.973,24.3,16.0,52.315,37.0,-28.015,0.7152509577064543
SRB,Serbia,Đuro Macut,1963-11-22,62.0,72.637,20.794,45.0,33.695,17.0,-12.901,0.46552388714221743
SSD,South Sudan,Salva Kiir,1951-09-13,74.0,99.041,10.105,20.0,46.96,54.0,-36.855,0.8312000416065116
STP,São Tomé and Príncipe,Américo Ramos,1957-01-01,69.0,97.339,14.483,20.0,51.688,49.0,-37.205,0.827465255564647
SUR,Suriname,Jennifer Geerlings-Simons,1953-09-05,72.0,95.872,13.5,29.0,50.608,43.0,-37.108,0.8202619679102524
SVK,Slovakia,Robert Fico,1964-09-15,61.0,75.487,22.2,43.0,39.922,18.0,-17.722,0.5346674377592112
SVN,Slovenia,Janez Janša,1958-09-17,67.0,79.963,20.125,46.0,37.912,21.0,-17.787,0.5510772603123207
SWE,Sweden,Ulf Kristersson,1963-12-29,62.0,75.461,25.618,41.0,44.511,21.0,-18.893,0.5481772330490691
SWZ,Eswatini,Mswati III,1968-04-19,58.0,92.314,20.521,23.0,48.619,35.0,-28.098,0.7136068913157533
SYC,Seychelles,Patrick Herminie,1963-09-22,62.0,88.203,19.196,35.0,40.491,27.0,-21.295,0.6217311697992952
SYR,Syria,Ahmed al-Sharaa,1982-10-29,43.0,77.654,36.65,24.0,55.362,19.0,-18.712,0.5539752774267097
TCD,Chad,Mahamat Déby,1984-04-04,42.0,86.284,29.86,16.0,48.998,26.0,-19.137,0.5891571533413927
TGO,Togo,Faure Gnassingbé,1966-06-06,60.0,94.587,15.764,20.0,48.736,40.0,-32.972,0.7736986454686346
THA,Thailand,Anutin Charnvirakul,1966-09-13,59.0,75.07,27.612,41.0,40.102,18.0,-12.49,0.46779167371811997
TJK,Tajikistan,Emomali Rahmon,1952-10-05,73.0,98.638,11.185,23.0,54.251,50.0,-43.066,0.8889257663044761
TKM,Turkmenistan,Serdar Berdimuhamedow,1981-09-22,44.0,75.002,34.497,28.0,48.504,16.0,-14.007,0.48743598109563746
TLS,Timor-Leste,Xanana Gusmão,1946-06-20,80.0,99.069,5.739,23.0,52.064,57.0,-46.325,0.9205719621517918
TON,Tonga,Fatafehi Fakafānua,1985-03-20,41.0,72.424,35.872,21.0,54.524,20.0,-18.652,0.5343177032440531
TTO,Trinidad and Tobago,Kamla Persad-Bissessar,1952-04-22,74.0,95.105,12.639,39.0,41.637,35.0,-28.998,0.7340957918873169
TUN,Tunisia,Kais Saied,1958-02-22,68.0,92.242,16.712,34.0,48.585,34.0,-31.873,0.7529098292624423
TUR,Türkiye,Recep Tayyip Erdoğan,1954-02-26,72.0,94.258,13.984,34.0,49.431,38.0,-35.447,0.7971253901781492
TUV,Tuvalu,Feleti Teo,1962-10-09,63.0,90.732,16.927,25.0,45.166,38.0,-28.239,0.7089711968761496
TWN,Taiwan,Lai Ching-te,1959-10-06,66.0,80.558,20.371,46.0,37.676,20.0,-17.305,0.5472425102274128
TZA,Tanzania,Samia Suluhu Hassan,1960-01-27,66.0,97.207,14.892,18.0,55.588,48.0,-40.695,0.8604140345399611
UGA,Uganda,Yoweri Museveni,1944-09-15,81.0,99.703,8.529,18.0,56.855,63.0,-48.326,0.9413432050355847
UKR,Ukraine,Volodymyr Zelenskyy,1978-01-25,48.0,58.118,32.728,42.0,37.03,6.0,-4.302,0.30017040604740947
URY,Uruguay,Yamandú Orsi,1967-06-13,59.0,76.829,27.038,37.0,45.239,22.0,-18.201,0.5450549863698768
USA,United States of America,Donald Trump,1946-06-14,80.0,95.635,9.658,39.0,46.304,41.0,-36.647,0.8147505594761298
UZB,Uzbekistan,Shavkat Mirziyoyev,1957-07-24,69.0,95.989,15.218,28.0,49.481,41.0,-34.262,0.7925402322069629
VCT,Saint Vincent and the Grenadines,Godwin Friday,1959-10-28,66.0,88.447,14.861,35.0,39.28,31.0,-24.419,0.6585365458094689
VEN,Venezuela,Nicolás Maduro,1961-11-23,64.0,88.769,20.478,30.0,46.477,34.0,-25.999,0.6772186046617443
VNM,Vietnam,Lê Minh Hưng,1970-12-11,55.0,79.505,25.646,34.0,48.066,21.0,-22.421,0.6027861153289227
VUT,Vanuatu,Jotham Napat,1972-08-07,54.0,89.334,26.118,21.0,53.644,33.0,-27.526,0.6959020146543621
WSM,Samoa,Laʻauli Leuatea Schmidt,1966-04-14,60.0,90.449,18.387,20.0,53.645,40.0,-35.258,0.7790267263280082
YEM,Yemen,Rashad al-Alimi,1954-01-15,72.0,98.825,10.842,19.0,57.737,53.0,-46.895,0.9245290129754358
ZAF,South Africa,Cyril Ramaphosa,1951-11-17,74.0,97.361,13.088,29.0,44.852,45.0,-31.764,0.7723751036035966
ZMB,Zambia,Hakainde Hichilema,1962-06-04,64.0,97.688,16.497,19.0,55.803,45.0,-39.305,0.8493200064365217
ZWE,Zimbabwe,Emmerson Mnangagwa,1942-09-15,83.0,99.741,6.377,19.0,51.893,64.0,-45.516,0.9163802300355458
